Distance,Azimuth,Elevations
29.900000,-29.663010,0.151342
29.900000,-28.452272,0.151342
29.900000,-27.241539,0.151342
29.900000,-26.030804,0.151342
29.900000,-24.820068,0.151342
29.900000,-23.609335,0.151342
29.900000,-22.398598,0.151342
29.900000,-21.187862,0.151342
29.900000,-19.977129,0.151342
29.900000,-18.766394,0.151342
29.900000,-17.555658,0.151342
29.900000,-16.344923,0.151342
29.900000,-15.134188,0.151342
29.900000,-13.923453,0.151342
29.900000,-12.712718,0.151342
29.900000,-11.501983,0.151342
29.900000,-10.291248,0.151342
29.900000,-9.080513,0.151342
29.900000,-7.869778,0.151342
29.900000,-6.659043,0.151342
29.900000,-5.448308,0.151342
29.900000,-4.237573,0.151342
29.900000,-3.026838,0.151342
29.900000,-1.816103,0.151342
29.900000,-0.605367,0.151342
29.900000,0.605367,0.151342
29.900000,1.816103,0.151342
29.900000,3.026838,0.151342
29.900000,4.237573,0.151342
29.900000,5.448308,0.151342
29.900000,6.659043,0.151342
29.900000,7.869778,0.151342
29.900000,9.080513,0.151342
29.900000,10.291248,0.151342
29.900000,11.501983,0.151342
29.900000,12.712718,0.151342
29.900000,13.923453,0.151342
29.900000,15.134188,0.151342
29.900000,16.344923,0.151342
29.900000,17.555658,0.151342
29.900000,18.766394,0.151342
29.900000,19.977129,0.151342
29.900000,21.187862,0.151342
29.900000,22.398598,0.151342
29.900000,23.609335,0.151342
29.900000,24.820068,0.151342
29.900000,26.030804,0.151342
29.900000,27.241539,0.151342
29.900000,28.452272,0.151342
29.900000,29.965693,0.151342
29.900000,-29.663010,0.756709
29.900000,-28.452272,0.756709
29.900000,-27.241539,0.756709
29.900000,-26.030804,0.756709
29.900000,-24.820068,0.756709
29.900000,-23.609335,0.756709
29.900000,-22.398598,0.756709
29.900000,-21.187862,0.756709
29.900000,-19.977129,0.756709
29.900000,-18.766394,0.756709
29.900000,-17.555658,0.756709
29.900000,-16.344923,0.756709
29.900000,-15.134188,0.756709
29.900000,-13.923453,0.756709
29.900000,-12.712718,0.756709
29.900000,-11.501983,0.756709
29.900000,-10.291248,0.756709
29.900000,-9.080513,0.756709
29.900000,-7.869778,0.756709
29.900000,-6.659043,0.756709
29.900000,-5.448308,0.756709
29.900000,-4.237573,0.756709
29.900000,-3.026838,0.756709
29.900000,-1.816103,0.756709
29.900000,-0.605367,0.756709
29.900000,0.605367,0.756709
29.900000,1.816103,0.756709
29.900000,3.026838,0.756709
29.900000,4.237573,0.756709
29.900000,5.448308,0.756709
29.900000,6.659043,0.756709
29.900000,7.869778,0.756709
29.900000,9.080513,0.756709
29.900000,10.291248,0.756709
29.900000,11.501983,0.756709
29.900000,12.712718,0.756709
29.900000,13.923453,0.756709
29.900000,15.134188,0.756709
29.900000,16.344923,0.756709
29.900000,17.555658,0.756709
29.900000,18.766394,0.756709
29.900000,19.977129,0.756709
29.900000,21.187862,0.756709
29.900000,22.398598,0.756709
29.900000,23.609335,0.756709
29.900000,24.820068,0.756709
29.900000,26.030804,0.756709
29.900000,27.241539,0.756709
29.900000,28.452272,0.756709
29.900000,29.965693,0.756709
29.900000,-29.663010,1.362077
29.900000,-28.452272,1.362077
29.900000,-27.241539,1.362077
29.900000,-26.030804,1.362077
29.900000,-24.820068,1.362077
29.900000,-23.609335,1.362077
29.900000,-22.398598,1.362077
29.900000,-21.187862,1.362077
29.900000,-19.977129,1.362077
29.900000,-18.766394,1.362077
29.900000,-17.555658,1.362077
29.900000,-16.344923,1.362077
29.900000,-15.134188,1.362077
29.900000,-13.923453,1.362077
29.900000,-12.712718,1.362077
29.900000,-11.501983,1.362077
29.900000,-10.291248,1.362077
29.900000,-9.080513,1.362077
29.900000,-7.869778,1.362077
29.900000,-6.659043,1.362077
29.900000,-5.448308,1.362077
29.900000,-4.237573,1.362077
29.900000,-3.026838,1.362077
29.900000,-1.816103,1.362077
29.900000,-0.605367,1.362077
29.900000,0.605367,1.362077
29.900000,1.816103,1.362077
29.900000,3.026838,1.362077
29.900000,4.237573,1.362077
29.900000,5.448308,1.362077
29.900000,6.659043,1.362077
29.900000,7.869778,1.362077
29.900000,9.080513,1.362077
29.900000,10.291248,1.362077
29.900000,11.501983,1.362077
29.900000,12.712718,1.362077
29.900000,13.923453,1.362077
29.900000,15.134188,1.362077
29.900000,16.344923,1.362077
29.900000,17.555658,1.362077
29.900000,18.766394,1.362077
29.900000,19.977129,1.362077
29.900000,21.187862,1.362077
29.900000,22.398598,1.362077
29.900000,23.609335,1.362077
29.900000,24.820068,1.362077
29.900000,26.030804,1.362077
29.900000,27.241539,1.362077
29.900000,28.452272,1.362077
29.900000,29.965693,1.362077
29.900000,-29.663010,1.967445
29.900000,-28.452272,1.967445
29.900000,-27.241539,1.967445
29.900000,-26.030804,1.967445
29.900000,-24.820068,1.967445
29.900000,-23.609335,1.967445
29.900000,-22.398598,1.967445
29.900000,-21.187862,1.967445
29.900000,-19.977129,1.967445
29.900000,-18.766394,1.967445
29.900000,-17.555658,1.967445
29.900000,-16.344923,1.967445
29.900000,-15.134188,1.967445
29.900000,-13.923453,1.967445
29.900000,-12.712718,1.967445
29.900000,-11.501983,1.967445
29.900000,-10.291248,1.967445
29.900000,-9.080513,1.967445
29.900000,-7.869778,1.967445
29.900000,-6.659043,1.967445
29.900000,-5.448308,1.967445
29.900000,-4.237573,1.967445
29.900000,-3.026838,1.967445
29.900000,-1.816103,1.967445
29.900000,-0.605367,1.967445
29.900000,0.605367,1.967445
29.900000,1.816103,1.967445
29.900000,3.026838,1.967445
29.900000,4.237573,1.967445
29.900000,5.448308,1.967445
29.900000,6.659043,1.967445
29.900000,7.869778,1.967445
29.900000,9.080513,1.967445
29.900000,10.291248,1.967445
29.900000,11.501983,1.967445
29.900000,12.712718,1.967445
29.900000,13.923453,1.967445
29.900000,15.134188,1.967445
29.900000,16.344923,1.967445
29.900000,17.555658,1.967445
29.900000,18.766394,1.967445
29.900000,19.977129,1.967445
29.900000,21.187862,1.967445
29.900000,22.398598,1.967445
29.900000,23.609335,1.967445
29.900000,24.820068,1.967445
29.900000,26.030804,1.967445
29.900000,27.241539,1.967445
29.900000,28.452272,1.967445
29.900000,29.965693,1.967445
29.900000,-29.663010,2.572812
29.900000,-28.452272,2.572812
29.900000,-27.241539,2.572812
29.900000,-26.030804,2.572812
29.900000,-24.820068,2.572812
29.900000,-23.609335,2.572812
29.900000,-22.398598,2.572812
29.900000,-21.187862,2.572812
29.900000,-19.977129,2.572812
29.900000,-18.766394,2.572812
29.900000,-17.555658,2.572812
29.900000,-16.344923,2.572812
29.900000,-15.134188,2.572812
29.900000,-13.923453,2.572812
29.900000,-12.712718,2.572812
29.900000,-11.501983,2.572812
29.900000,-10.291248,2.572812
29.900000,-9.080513,2.572812
29.900000,-7.869778,2.572812
29.900000,-6.659043,2.572812
29.900000,-5.448308,2.572812
29.900000,-4.237573,2.572812
29.900000,-3.026838,2.572812
29.900000,-1.816103,2.572812
29.900000,-0.605367,2.572812
29.900000,0.605367,2.572812
29.900000,1.816103,2.572812
29.900000,3.026838,2.572812
29.900000,4.237573,2.572812
29.900000,5.448308,2.572812
29.900000,6.659043,2.572812
29.900000,7.869778,2.572812
29.900000,9.080513,2.572812
29.900000,10.291248,2.572812
29.900000,11.501983,2.572812
29.900000,12.712718,2.572812
29.900000,13.923453,2.572812
29.900000,15.134188,2.572812
29.900000,16.344923,2.572812
29.900000,17.555658,2.572812
29.900000,18.766394,2.572812
29.900000,19.977129,2.572812
29.900000,21.187862,2.572812
29.900000,22.398598,2.572812
29.900000,23.609335,2.572812
29.900000,24.820068,2.572812
29.900000,26.030804,2.572812
29.900000,27.241539,2.572812
29.900000,28.452272,2.572812
29.900000,29.965693,2.572812
29.900000,-29.663010,3.178180
29.900000,-28.452272,3.178180
29.900000,-27.241539,3.178180
29.900000,-26.030804,3.178180
29.900000,-24.820068,3.178180
29.900000,-23.609335,3.178180
29.900000,-22.398598,3.178180
29.900000,-21.187862,3.178180
29.900000,-19.977129,3.178180
29.900000,-18.766394,3.178180
29.900000,-17.555658,3.178180
29.900000,-16.344923,3.178180
29.900000,-15.134188,3.178180
29.900000,-13.923453,3.178180
29.900000,-12.712718,3.178180
29.900000,-11.501983,3.178180
29.900000,-10.291248,3.178180
29.900000,-9.080513,3.178180
29.900000,-7.869778,3.178180
29.900000,-6.659043,3.178180
29.900000,-5.448308,3.178180
29.900000,-4.237573,3.178180
29.900000,-3.026838,3.178180
29.900000,-1.816103,3.178180
29.900000,-0.605367,3.178180
29.900000,0.605367,3.178180
29.900000,1.816103,3.178180
29.900000,3.026838,3.178180
29.900000,4.237573,3.178180
29.900000,5.448308,3.178180
29.900000,6.659043,3.178180
29.900000,7.869778,3.178180
29.900000,9.080513,3.178180
29.900000,10.291248,3.178180
29.900000,11.501983,3.178180
29.900000,12.712718,3.178180
29.900000,13.923453,3.178180
29.900000,15.134188,3.178180
29.900000,16.344923,3.178180
29.900000,17.555658,3.178180
29.900000,18.766394,3.178180
29.900000,19.977129,3.178180
29.900000,21.187862,3.178180
29.900000,22.398598,3.178180
29.900000,23.609335,3.178180
29.900000,24.820068,3.178180
29.900000,26.030804,3.178180
29.900000,27.241539,3.178180
29.900000,28.452272,3.178180
29.900000,29.965693,3.178180
29.900000,-29.663010,3.783547
29.900000,-28.452272,3.783547
29.900000,-27.241539,3.783547
29.900000,-26.030804,3.783547
29.900000,-24.820068,3.783547
29.900000,-23.609335,3.783547
29.900000,-22.398598,3.783547
29.900000,-21.187862,3.783547
29.900000,-19.977129,3.783547
29.900000,-18.766394,3.783547
29.900000,-17.555658,3.783547
29.900000,-16.344923,3.783547
29.900000,-15.134188,3.783547
29.900000,-13.923453,3.783547
29.900000,-12.712718,3.783547
29.900000,-11.501983,3.783547
29.900000,-10.291248,3.783547
29.900000,-9.080513,3.783547
29.900000,-7.869778,3.783547
29.900000,-6.659043,3.783547
29.900000,-5.448308,3.783547
29.900000,-4.237573,3.783547
29.900000,-3.026838,3.783547
29.900000,-1.816103,3.783547
29.900000,-0.605367,3.783547
29.900000,0.605367,3.783547
29.900000,1.816103,3.783547
29.900000,3.026838,3.783547
29.900000,4.237573,3.783547
29.900000,5.448308,3.783547
29.900000,6.659043,3.783547
29.900000,7.869778,3.783547
29.900000,9.080513,3.783547
29.900000,10.291248,3.783547
29.900000,11.501983,3.783547
29.900000,12.712718,3.783547
29.900000,13.923453,3.783547
29.900000,15.134188,3.783547
29.900000,16.344923,3.783547
29.900000,17.555658,3.783547
29.900000,18.766394,3.783547
29.900000,19.977129,3.783547
29.900000,21.187862,3.783547
29.900000,22.398598,3.783547
29.900000,23.609335,3.783547
29.900000,24.820068,3.783547
29.900000,26.030804,3.783547
29.900000,27.241539,3.783547
29.900000,28.452272,3.783547
29.900000,29.965693,3.783547
29.900000,-29.663010,4.388915
29.900000,-28.452272,4.388915
29.900000,-27.241539,4.388915
29.900000,-26.030804,4.388915
29.900000,-24.820068,4.388915
29.900000,-23.609335,4.388915
29.900000,-22.398598,4.388915
29.900000,-21.187862,4.388915
29.900000,-19.977129,4.388915
29.900000,-18.766394,4.388915
29.900000,-17.555658,4.388915
29.900000,-16.344923,4.388915
29.900000,-15.134188,4.388915
29.900000,-13.923453,4.388915
29.900000,-12.712718,4.388915
29.900000,-11.501983,4.388915
29.900000,-10.291248,4.388915
29.900000,-9.080513,4.388915
29.900000,-7.869778,4.388915
29.900000,-6.659043,4.388915
29.900000,-5.448308,4.388915
29.900000,-4.237573,4.388915
29.900000,-3.026838,4.388915
29.900000,-1.816103,4.388915
29.900000,-0.605367,4.388915
29.900000,0.605367,4.388915
29.900000,1.816103,4.388915
29.900000,3.026838,4.388915
29.900000,4.237573,4.388915
29.900000,5.448308,4.388915
29.900000,6.659043,4.388915
29.900000,7.869778,4.388915
29.900000,9.080513,4.388915
29.900000,10.291248,4.388915
29.900000,11.501983,4.388915
29.900000,12.712718,4.388915
29.900000,13.923453,4.388915
29.900000,15.134188,4.388915
29.900000,16.344923,4.388915
29.900000,17.555658,4.388915
29.900000,18.766394,4.388915
29.900000,19.977129,4.388915
29.900000,21.187862,4.388915
29.900000,22.398598,4.388915
29.900000,23.609335,4.388915
29.900000,24.820068,4.388915
29.900000,26.030804,4.388915
29.900000,27.241539,4.388915
29.900000,28.452272,4.388915
29.900000,29.965693,4.388915
29.900000,-29.663010,4.994282
29.900000,-28.452272,4.994282
29.900000,-27.241539,4.994282
29.900000,-26.030804,4.994282
29.900000,-24.820068,4.994282
29.900000,-23.609335,4.994282
29.900000,-22.398598,4.994282
29.900000,-21.187862,4.994282
29.900000,-19.977129,4.994282
29.900000,-18.766394,4.994282
29.900000,-17.555658,4.994282
28.900402,-16.344923,4.994282
2.616659,-15.134188,4.994282
8.671934,-13.923453,4.994282
29.900000,-12.712718,4.994282
29.900000,-11.501983,4.994282
29.900000,-10.291248,4.994282
29.900000,-9.080513,4.994282
29.900000,-7.869778,4.994282
29.900000,-6.659043,4.994282
29.900000,-5.448308,4.994282
29.900000,-4.237573,4.994282
29.900000,-3.026838,4.994282
29.900000,-1.816103,4.994282
29.900000,-0.605367,4.994282
29.900000,0.605367,4.994282
29.900000,1.816103,4.994282
29.900000,3.026838,4.994282
29.900000,4.237573,4.994282
29.900000,5.448308,4.994282
29.900000,6.659043,4.994282
29.900000,7.869778,4.994282
29.900000,9.080513,4.994282
29.900000,10.291248,4.994282
29.900000,11.501983,4.994282
29.900000,12.712718,4.994282
29.900000,13.923453,4.994282
29.900000,15.134188,4.994282
29.900000,16.344923,4.994282
29.900000,17.555658,4.994282
29.900000,18.766394,4.994282
29.900000,19.977129,4.994282
29.900000,21.187862,4.994282
29.900000,22.398598,4.994282
29.900000,23.609335,4.994282
29.900000,24.820068,4.994282
29.900000,26.030804,4.994282
29.900000,27.241539,4.994282
29.900000,28.452272,4.994282
29.900000,29.965693,4.994282
29.900000,-29.663010,5.599649
29.900000,-28.452272,5.599649
29.900000,-27.241539,5.599649
29.900000,-26.030804,5.599649
29.900000,-24.820068,5.599649
29.900000,-23.609335,5.599649
29.900000,-22.398598,5.599649
29.900000,-21.187862,5.599649
29.900000,-19.977129,5.599649
29.900000,-18.766394,5.599649
29.900000,-17.555658,5.599649
19.888281,-16.344923,5.599649
2.577475,-15.134188,5.599649
2.581040,-13.923453,5.599649
26.320803,-12.712718,5.599649
29.900000,-11.501983,5.599649
29.900000,-10.291248,5.599649
29.900000,-9.080513,5.599649
29.900000,-7.869778,5.599649
29.900000,-6.659043,5.599649
29.900000,-5.448308,5.599649
29.900000,-4.237573,5.599649
29.900000,-3.026838,5.599649
29.900000,-1.816103,5.599649
29.900000,-0.605367,5.599649
29.900000,0.605367,5.599649
29.900000,1.816103,5.599649
29.900000,3.026838,5.599649
29.900000,4.237573,5.599649
29.900000,5.448308,5.599649
29.900000,6.659043,5.599649
29.900000,7.869778,5.599649
29.900000,9.080513,5.599649
29.900000,10.291248,5.599649
29.900000,11.501983,5.599649
29.900000,12.712718,5.599649
29.900000,13.923453,5.599649
29.900000,15.134188,5.599649
29.900000,16.344923,5.599649
29.900000,17.555658,5.599649
29.900000,18.766394,5.599649
29.900000,19.977129,5.599649
29.900000,21.187862,5.599649
29.900000,22.398598,5.599649
29.900000,23.609335,5.599649
29.900000,24.820068,5.599649
29.900000,26.030804,5.599649
29.900000,27.241539,5.599649
29.900000,28.452272,5.599649
29.900000,29.965693,5.599649
29.900000,-29.663010,6.205017
29.900000,-28.452272,6.205017
29.900000,-27.241539,6.205017
29.900000,-26.030804,6.205017
29.900000,-24.820068,6.205017
29.900000,-23.609335,6.205017
29.900000,-22.398598,6.205017
29.900000,-21.187862,6.205017
29.900000,-19.977129,6.205017
29.900000,-18.766394,6.205017
29.900000,-17.555658,6.205017
2.605315,-16.344923,6.205017
2.561883,-15.134188,6.205017
2.564662,-13.923453,6.205017
10.401664,-12.712718,6.205017
29.900000,-11.501983,6.205017
29.900000,-10.291248,6.205017
29.900000,-9.080513,6.205017
29.900000,-7.869778,6.205017
29.900000,-6.659043,6.205017
29.900000,-5.448308,6.205017
29.900000,-4.237573,6.205017
29.900000,-3.026838,6.205017
29.900000,-1.816103,6.205017
29.900000,-0.605367,6.205017
29.900000,0.605367,6.205017
29.900000,1.816103,6.205017
29.900000,3.026838,6.205017
29.900000,4.237573,6.205017
29.900000,5.448308,6.205017
29.900000,6.659043,6.205017
29.900000,7.869778,6.205017
29.900000,9.080513,6.205017
29.900000,10.291248,6.205017
29.900000,11.501983,6.205017
29.900000,12.712718,6.205017
29.900000,13.923453,6.205017
29.900000,15.134188,6.205017
29.900000,16.344923,6.205017
29.900000,17.555658,6.205017
29.900000,18.766394,6.205017
29.900000,19.977129,6.205017
29.900000,21.187862,6.205017
29.900000,22.398598,6.205017
29.900000,23.609335,6.205017
29.900000,24.820068,6.205017
29.900000,26.030804,6.205017
29.900000,27.241539,6.205017
29.900000,28.452272,6.205017
29.900000,29.965693,6.205017
29.900000,-29.663010,6.810385
29.900000,-28.452272,6.810385
29.900000,-27.241539,6.810385
29.900000,-26.030804,6.810385
29.900000,-24.820068,6.810385
29.900000,-23.609335,6.810385
29.900000,-22.398598,6.810385
29.900000,-21.187862,6.810385
29.900000,-19.977129,6.810385
29.900000,-18.766394,6.810385
29.900000,-17.555658,6.810385
2.594637,-16.344923,6.810385
2.556505,-15.134188,6.810385
2.559089,-13.923453,6.810385
10.394823,-12.712718,6.810385
29.900000,-11.501983,6.810385
29.900000,-10.291248,6.810385
29.900000,-9.080513,6.810385
29.900000,-7.869778,6.810385
29.900000,-6.659043,6.810385
29.900000,-5.448308,6.810385
29.900000,-4.237573,6.810385
29.900000,-3.026838,6.810385
29.900000,-1.816103,6.810385
29.900000,-0.605367,6.810385
29.900000,0.605367,6.810385
29.900000,1.816103,6.810385
29.900000,3.026838,6.810385
29.900000,4.237573,6.810385
29.900000,5.448308,6.810385
29.900000,6.659043,6.810385
29.900000,7.869778,6.810385
29.900000,9.080513,6.810385
29.900000,10.291248,6.810385
29.900000,11.501983,6.810385
29.900000,12.712718,6.810385
29.900000,13.923453,6.810385
29.900000,15.134188,6.810385
29.900000,16.344923,6.810385
29.900000,17.555658,6.810385
29.900000,18.766394,6.810385
29.900000,19.977129,6.810385
29.900000,21.187862,6.810385
29.900000,22.398598,6.810385
29.900000,23.609335,6.810385
29.900000,24.820068,6.810385
29.900000,26.030804,6.810385
29.900000,27.241539,6.810385
29.900000,28.452272,6.810385
29.900000,29.965693,6.810385
29.900000,-29.663010,7.415752
29.900000,-28.452272,7.415752
29.900000,-27.241539,7.415752
29.900000,-26.030804,7.415752
29.900000,-24.820068,7.415752
29.900000,-23.609335,7.415752
29.900000,-22.398598,7.415752
29.900000,-21.187862,7.415752
29.900000,-19.977129,7.415752
29.900000,-18.766394,7.415752
29.900000,-17.555658,7.415752
2.600085,-16.344923,7.415752
2.559413,-15.134188,7.415752
2.562094,-13.923453,7.415752
10.398364,-12.712718,7.415752
29.900000,-11.501983,7.415752
29.900000,-10.291248,7.415752
29.900000,-9.080513,7.415752
29.900000,-7.869778,7.415752
29.900000,-6.659043,7.415752
29.900000,-5.448308,7.415752
29.900000,-4.237573,7.415752
29.900000,-3.026838,7.415752
29.900000,-1.816103,7.415752
29.900000,-0.605367,7.415752
29.900000,0.605367,7.415752
29.900000,1.816103,7.415752
29.900000,3.026838,7.415752
29.900000,4.237573,7.415752
29.900000,5.448308,7.415752
29.900000,6.659043,7.415752
29.900000,7.869778,7.415752
29.900000,9.080513,7.415752
29.900000,10.291248,7.415752
29.900000,11.501983,7.415752
29.900000,12.712718,7.415752
29.900000,13.923453,7.415752
29.900000,15.134188,7.415752
29.900000,16.344923,7.415752
29.900000,17.555658,7.415752
29.900000,18.766394,7.415752
29.900000,19.977129,7.415752
29.900000,21.187862,7.415752
29.900000,22.398598,7.415752
29.900000,23.609335,7.415752
29.900000,24.820068,7.415752
29.900000,26.030804,7.415752
29.900000,27.241539,7.415752
29.900000,28.452272,7.415752
29.900000,29.965693,7.415752
29.900000,-29.663010,8.021120
29.900000,-28.452272,8.021120
29.900000,-27.241539,8.021120
29.900000,-26.030804,8.021120
29.900000,-24.820068,8.021120
29.900000,-23.609335,8.021120
29.900000,-22.398598,8.021120
29.900000,-21.187862,8.021120
29.900000,-19.977129,8.021120
29.900000,-18.766394,8.021120
29.900000,-17.555658,8.021120
8.235886,-16.344923,8.021120
2.571609,-15.134188,8.021120
2.574819,-13.923453,8.021120
15.582513,-12.712718,8.021120
29.900000,-11.501983,8.021120
29.900000,-10.291248,8.021120
29.900000,-9.080513,8.021120
29.900000,-7.869778,8.021120
29.900000,-6.659043,8.021120
29.900000,-5.448308,8.021120
29.900000,-4.237573,8.021120
29.900000,-3.026838,8.021120
29.900000,-1.816103,8.021120
29.900000,-0.605367,8.021120
29.900000,0.605367,8.021120
29.900000,1.816103,8.021120
29.900000,3.026838,8.021120
29.900000,4.237573,8.021120
29.900000,5.448308,8.021120
29.900000,6.659043,8.021120
29.900000,7.869778,8.021120
29.900000,9.080513,8.021120
29.900000,10.291248,8.021120
29.900000,11.501983,8.021120
29.900000,12.712718,8.021120
29.900000,13.923453,8.021120
29.900000,15.134188,8.021120
29.900000,16.344923,8.021120
29.900000,17.555658,8.021120
29.900000,18.766394,8.021120
29.900000,19.977129,8.021120
29.900000,21.187862,8.021120
29.900000,22.398598,8.021120
29.900000,23.609335,8.021120
29.900000,24.820068,8.021120
29.900000,26.030804,8.021120
29.900000,27.241539,8.021120
29.900000,28.452272,8.021120
29.900000,29.965693,8.021120
29.900000,-29.663010,8.626487
29.900000,-28.452272,8.626487
29.900000,-27.241539,8.626487
29.900000,-26.030804,8.626487
29.900000,-24.820068,8.626487
29.900000,-23.609335,8.626487
29.900000,-22.398598,8.626487
29.900000,-21.187862,8.626487
29.900000,-19.977129,8.626487
29.900000,-18.766394,8.626487
29.900000,-17.555658,8.626487
25.526386,-16.344923,8.626487
2.600659,-15.134188,8.626487
4.671801,-13.923453,8.626487
29.900000,-12.712718,8.626487
29.900000,-11.501983,8.626487
29.900000,-10.291248,8.626487
29.900000,-9.080513,8.626487
29.900000,-7.869778,8.626487
29.900000,-6.659043,8.626487
29.900000,-5.448308,8.626487
29.900000,-4.237573,8.626487
29.900000,-3.026838,8.626487
29.900000,-1.816103,8.626487
29.900000,-0.605367,8.626487
29.900000,0.605367,8.626487
29.900000,1.816103,8.626487
29.900000,3.026838,8.626487
29.900000,4.237573,8.626487
29.900000,5.448308,8.626487
29.900000,6.659043,8.626487
29.900000,7.869778,8.626487
29.900000,9.080513,8.626487
29.900000,10.291248,8.626487
29.900000,11.501983,8.626487
29.900000,12.712718,8.626487
29.900000,13.923453,8.626487
29.900000,15.134188,8.626487
29.900000,16.344923,8.626487
29.900000,17.555658,8.626487
29.900000,18.766394,8.626487
29.900000,19.977129,8.626487
29.900000,21.187862,8.626487
29.900000,22.398598,8.626487
29.900000,23.609335,8.626487
29.900000,24.820068,8.626487
29.900000,26.030804,8.626487
29.900000,27.241539,8.626487
29.900000,28.452272,8.626487
29.900000,29.965693,8.626487
29.900000,-29.663010,9.231854
29.900000,-28.452272,9.231854
29.900000,-27.241539,9.231854
29.900000,-26.030804,9.231854
29.900000,-24.820068,9.231854
29.900000,-23.609335,9.231854
29.900000,-22.398598,9.231854
29.900000,-21.187862,9.231854
29.900000,-19.977129,9.231854
29.900000,-18.766394,9.231854
29.900000,-17.555658,9.231854
29.900000,-16.344923,9.231854
29.900000,-15.134188,9.231854
29.900000,-13.923453,9.231854
29.900000,-12.712718,9.231854
29.900000,-11.501983,9.231854
29.900000,-10.291248,9.231854
29.900000,-9.080513,9.231854
29.900000,-7.869778,9.231854
29.900000,-6.659043,9.231854
29.900000,-5.448308,9.231854
29.900000,-4.237573,9.231854
29.900000,-3.026838,9.231854
29.900000,-1.816103,9.231854
29.900000,-0.605367,9.231854
29.900000,0.605367,9.231854
29.900000,1.816103,9.231854
29.900000,3.026838,9.231854
29.900000,4.237573,9.231854
29.900000,5.448308,9.231854
29.900000,6.659043,9.231854
29.900000,7.869778,9.231854
29.900000,9.080513,9.231854
29.900000,10.291248,9.231854
29.900000,11.501983,9.231854
29.900000,12.712718,9.231854
29.900000,13.923453,9.231854
29.900000,15.134188,9.231854
29.900000,16.344923,9.231854
29.900000,17.555658,9.231854
29.900000,18.766394,9.231854
29.900000,19.977129,9.231854
29.900000,21.187862,9.231854
29.900000,22.398598,9.231854
29.900000,23.609335,9.231854
29.900000,24.820068,9.231854
29.900000,26.030804,9.231854
29.900000,27.241539,9.231854
29.900000,28.452272,9.231854
29.900000,29.965693,9.231854
29.900000,-29.663010,9.837223
29.900000,-28.452272,9.837223
29.900000,-27.241539,9.837223
29.900000,-26.030804,9.837223
29.900000,-24.820068,9.837223
29.900000,-23.609335,9.837223
29.900000,-22.398598,9.837223
29.900000,-21.187862,9.837223
29.900000,-19.977129,9.837223
29.900000,-18.766394,9.837223
29.900000,-17.555658,9.837223
29.900000,-16.344923,9.837223
29.900000,-15.134188,9.837223
29.900000,-13.923453,9.837223
29.900000,-12.712718,9.837223
29.900000,-11.501983,9.837223
29.900000,-10.291248,9.837223
29.900000,-9.080513,9.837223
29.900000,-7.869778,9.837223
29.900000,-6.659043,9.837223
29.900000,-5.448308,9.837223
29.900000,-4.237573,9.837223
29.900000,-3.026838,9.837223
29.900000,-1.816103,9.837223
29.900000,-0.605367,9.837223
29.900000,0.605367,9.837223
29.900000,1.816103,9.837223
29.900000,3.026838,9.837223
29.900000,4.237573,9.837223
29.900000,5.448308,9.837223
29.900000,6.659043,9.837223
29.900000,7.869778,9.837223
29.900000,9.080513,9.837223
29.900000,10.291248,9.837223
29.900000,11.501983,9.837223
29.900000,12.712718,9.837223
29.900000,13.923453,9.837223
29.900000,15.134188,9.837223
29.900000,16.344923,9.837223
29.900000,17.555658,9.837223
29.900000,18.766394,9.837223
29.900000,19.977129,9.837223
29.900000,21.187862,9.837223
29.900000,22.398598,9.837223
29.900000,23.609335,9.837223
29.900000,24.820068,9.837223
29.900000,26.030804,9.837223
29.900000,27.241539,9.837223
29.900000,28.452272,9.837223
29.900000,29.965693,9.837223
29.900000,-29.663010,10.442590
29.900000,-28.452272,10.442590
29.900000,-27.241539,10.442590
29.900000,-26.030804,10.442590
29.900000,-24.820068,10.442590
29.900000,-23.609335,10.442590
29.900000,-22.398598,10.442590
29.900000,-21.187862,10.442590
29.900000,-19.977129,10.442590
29.900000,-18.766394,10.442590
29.900000,-17.555658,10.442590
29.900000,-16.344923,10.442590
29.900000,-15.134188,10.442590
29.900000,-13.923453,10.442590
29.900000,-12.712718,10.442590
29.900000,-11.501983,10.442590
29.900000,-10.291248,10.442590
29.900000,-9.080513,10.442590
29.900000,-7.869778,10.442590
29.900000,-6.659043,10.442590
29.900000,-5.448308,10.442590
29.900000,-4.237573,10.442590
29.900000,-3.026838,10.442590
29.900000,-1.816103,10.442590
29.900000,-0.605367,10.442590
29.900000,0.605367,10.442590
29.900000,1.816103,10.442590
29.900000,3.026838,10.442590
29.900000,4.237573,10.442590
29.900000,5.448308,10.442590
29.900000,6.659043,10.442590
29.900000,7.869778,10.442590
29.900000,9.080513,10.442590
29.900000,10.291248,10.442590
29.900000,11.501983,10.442590
29.900000,12.712718,10.442590
29.900000,13.923453,10.442590
29.900000,15.134188,10.442590
29.900000,16.344923,10.442590
29.900000,17.555658,10.442590
29.900000,18.766394,10.442590
29.900000,19.977129,10.442590
29.900000,21.187862,10.442590
29.900000,22.398598,10.442590
29.900000,23.609335,10.442590
29.900000,24.820068,10.442590
29.900000,26.030804,10.442590
29.900000,27.241539,10.442590
29.900000,28.452272,10.442590
29.900000,29.965693,10.442590
29.900000,-29.663010,11.047957
29.900000,-28.452272,11.047957
29.900000,-27.241539,11.047957
29.900000,-26.030804,11.047957
29.900000,-24.820068,11.047957
29.900000,-23.609335,11.047957
29.900000,-22.398598,11.047957
29.900000,-21.187862,11.047957
29.900000,-19.977129,11.047957
29.900000,-18.766394,11.047957
29.900000,-17.555658,11.047957
29.900000,-16.344923,11.047957
29.900000,-15.134188,11.047957
29.900000,-13.923453,11.047957
29.900000,-12.712718,11.047957
29.900000,-11.501983,11.047957
29.900000,-10.291248,11.047957
29.900000,-9.080513,11.047957
29.900000,-7.869778,11.047957
29.900000,-6.659043,11.047957
29.900000,-5.448308,11.047957
29.900000,-4.237573,11.047957
29.900000,-3.026838,11.047957
29.900000,-1.816103,11.047957
29.900000,-0.605367,11.047957
29.900000,0.605367,11.047957
29.900000,1.816103,11.047957
29.900000,3.026838,11.047957
29.900000,4.237573,11.047957
29.900000,5.448308,11.047957
29.900000,6.659043,11.047957
29.900000,7.869778,11.047957
29.900000,9.080513,11.047957
29.900000,10.291248,11.047957
29.900000,11.501983,11.047957
29.900000,12.712718,11.047957
29.900000,13.923453,11.047957
29.900000,15.134188,11.047957
29.900000,16.344923,11.047957
29.900000,17.555658,11.047957
29.900000,18.766394,11.047957
29.900000,19.977129,11.047957
29.900000,21.187862,11.047957
29.900000,22.398598,11.047957
29.900000,23.609335,11.047957
29.900000,24.820068,11.047957
29.900000,26.030804,11.047957
29.900000,27.241539,11.047957
29.900000,28.452272,11.047957
29.900000,29.965693,11.047957
29.900000,-29.663010,11.653325
29.900000,-28.452272,11.653325
29.900000,-27.241539,11.653325
29.900000,-26.030804,11.653325
29.900000,-24.820068,11.653325
29.900000,-23.609335,11.653325
29.900000,-22.398598,11.653325
29.900000,-21.187862,11.653325
29.900000,-19.977129,11.653325
29.900000,-18.766394,11.653325
29.900000,-17.555658,11.653325
29.900000,-16.344923,11.653325
29.900000,-15.134188,11.653325
29.900000,-13.923453,11.653325
29.900000,-12.712718,11.653325
29.900000,-11.501983,11.653325
29.900000,-10.291248,11.653325
29.900000,-9.080513,11.653325
29.900000,-7.869778,11.653325
29.900000,-6.659043,11.653325
29.900000,-5.448308,11.653325
29.900000,-4.237573,11.653325
29.900000,-3.026838,11.653325
29.900000,-1.816103,11.653325
29.900000,-0.605367,11.653325
29.900000,0.605367,11.653325
29.900000,1.816103,11.653325
29.900000,3.026838,11.653325
29.900000,4.237573,11.653325
29.900000,5.448308,11.653325
29.900000,6.659043,11.653325
29.900000,7.869778,11.653325
29.900000,9.080513,11.653325
29.900000,10.291248,11.653325
29.900000,11.501983,11.653325
29.900000,12.712718,11.653325
29.900000,13.923453,11.653325
29.900000,15.134188,11.653325
29.900000,16.344923,11.653325
29.900000,17.555658,11.653325
29.900000,18.766394,11.653325
29.900000,19.977129,11.653325
29.900000,21.187862,11.653325
29.900000,22.398598,11.653325
29.900000,23.609335,11.653325
29.900000,24.820068,11.653325
29.900000,26.030804,11.653325
29.900000,27.241539,11.653325
29.900000,28.452272,11.653325
29.900000,29.965693,11.653325
29.900000,-29.663010,12.258692
29.900000,-28.452272,12.258692
29.900000,-27.241539,12.258692
29.900000,-26.030804,12.258692
29.900000,-24.820068,12.258692
29.900000,-23.609335,12.258692
29.900000,-22.398598,12.258692
29.900000,-21.187862,12.258692
29.900000,-19.977129,12.258692
29.900000,-18.766394,12.258692
29.900000,-17.555658,12.258692
29.900000,-16.344923,12.258692
29.900000,-15.134188,12.258692
29.900000,-13.923453,12.258692
29.900000,-12.712718,12.258692
29.900000,-11.501983,12.258692
29.900000,-10.291248,12.258692
29.900000,-9.080513,12.258692
29.900000,-7.869778,12.258692
29.900000,-6.659043,12.258692
29.900000,-5.448308,12.258692
29.900000,-4.237573,12.258692
29.900000,-3.026838,12.258692
29.900000,-1.816103,12.258692
29.900000,-0.605367,12.258692
29.900000,0.605367,12.258692
29.900000,1.816103,12.258692
29.900000,3.026838,12.258692
29.900000,4.237573,12.258692
29.900000,5.448308,12.258692
29.900000,6.659043,12.258692
29.900000,7.869778,12.258692
29.900000,9.080513,12.258692
29.900000,10.291248,12.258692
29.900000,11.501983,12.258692
29.900000,12.712718,12.258692
29.900000,13.923453,12.258692
29.900000,15.134188,12.258692
29.900000,16.344923,12.258692
29.900000,17.555658,12.258692
29.900000,18.766394,12.258692
29.900000,19.977129,12.258692
29.900000,21.187862,12.258692
29.900000,22.398598,12.258692
29.900000,23.609335,12.258692
29.900000,24.820068,12.258692
29.900000,26.030804,12.258692
29.900000,27.241539,12.258692
29.900000,28.452272,12.258692
29.900000,29.965693,12.258692
29.900000,-29.663010,12.864060
29.900000,-28.452272,12.864060
29.900000,-27.241539,12.864060
29.900000,-26.030804,12.864060
29.900000,-24.820068,12.864060
29.900000,-23.609335,12.864060
29.900000,-22.398598,12.864060
29.900000,-21.187862,12.864060
29.900000,-19.977129,12.864060
29.900000,-18.766394,12.864060
29.900000,-17.555658,12.864060
29.900000,-16.344923,12.864060
29.900000,-15.134188,12.864060
29.900000,-13.923453,12.864060
29.900000,-12.712718,12.864060
29.900000,-11.501983,12.864060
29.900000,-10.291248,12.864060
29.900000,-9.080513,12.864060
29.900000,-7.869778,12.864060
29.900000,-6.659043,12.864060
29.900000,-5.448308,12.864060
29.900000,-4.237573,12.864060
29.900000,-3.026838,12.864060
29.900000,-1.816103,12.864060
29.900000,-0.605367,12.864060
29.900000,0.605367,12.864060
29.900000,1.816103,12.864060
29.900000,3.026838,12.864060
29.900000,4.237573,12.864060
29.900000,5.448308,12.864060
29.900000,6.659043,12.864060
29.900000,7.869778,12.864060
29.900000,9.080513,12.864060
29.900000,10.291248,12.864060
29.900000,11.501983,12.864060
29.900000,12.712718,12.864060
29.900000,13.923453,12.864060
29.900000,15.134188,12.864060
29.900000,16.344923,12.864060
29.900000,17.555658,12.864060
29.900000,18.766394,12.864060
29.900000,19.977129,12.864060
29.900000,21.187862,12.864060
29.900000,22.398598,12.864060
29.900000,23.609335,12.864060
29.900000,24.820068,12.864060
29.900000,26.030804,12.864060
29.900000,27.241539,12.864060
29.900000,28.452272,12.864060
29.900000,29.965693,12.864060
29.900000,-29.663010,13.469428
29.900000,-28.452272,13.469428
29.900000,-27.241539,13.469428
29.900000,-26.030804,13.469428
29.900000,-24.820068,13.469428
29.900000,-23.609335,13.469428
29.900000,-22.398598,13.469428
29.900000,-21.187862,13.469428
29.900000,-19.977129,13.469428
29.900000,-18.766394,13.469428
29.900000,-17.555658,13.469428
29.900000,-16.344923,13.469428
29.900000,-15.134188,13.469428
29.900000,-13.923453,13.469428
29.900000,-12.712718,13.469428
29.900000,-11.501983,13.469428
29.900000,-10.291248,13.469428
29.900000,-9.080513,13.469428
29.900000,-7.869778,13.469428
29.900000,-6.659043,13.469428
29.900000,-5.448308,13.469428
29.900000,-4.237573,13.469428
29.900000,-3.026838,13.469428
29.900000,-1.816103,13.469428
29.900000,-0.605367,13.469428
29.900000,0.605367,13.469428
29.900000,1.816103,13.469428
29.900000,3.026838,13.469428
29.900000,4.237573,13.469428
29.900000,5.448308,13.469428
29.900000,6.659043,13.469428
29.900000,7.869778,13.469428
29.900000,9.080513,13.469428
29.900000,10.291248,13.469428
29.900000,11.501983,13.469428
29.900000,12.712718,13.469428
29.900000,13.923453,13.469428
29.900000,15.134188,13.469428
29.900000,16.344923,13.469428
29.900000,17.555658,13.469428
29.900000,18.766394,13.469428
29.900000,19.977129,13.469428
29.900000,21.187862,13.469428
29.900000,22.398598,13.469428
29.900000,23.609335,13.469428
29.900000,24.820068,13.469428
29.900000,26.030804,13.469428
29.900000,27.241539,13.469428
29.900000,28.452272,13.469428
29.900000,29.965693,13.469428
29.900000,-29.663010,14.074795
29.900000,-28.452272,14.074795
29.900000,-27.241539,14.074795
29.900000,-26.030804,14.074795
29.900000,-24.820068,14.074795
29.900000,-23.609335,14.074795
29.900000,-22.398598,14.074795
29.900000,-21.187862,14.074795
29.900000,-19.977129,14.074795
29.900000,-18.766394,14.074795
29.900000,-17.555658,14.074795
29.900000,-16.344923,14.074795
29.900000,-15.134188,14.074795
29.900000,-13.923453,14.074795
29.900000,-12.712718,14.074795
29.900000,-11.501983,14.074795
29.900000,-10.291248,14.074795
29.900000,-9.080513,14.074795
29.900000,-7.869778,14.074795
29.900000,-6.659043,14.074795
29.900000,-5.448308,14.074795
29.900000,-4.237573,14.074795
29.900000,-3.026838,14.074795
29.900000,-1.816103,14.074795
29.900000,-0.605367,14.074795
29.900000,0.605367,14.074795
29.900000,1.816103,14.074795
29.900000,3.026838,14.074795
29.900000,4.237573,14.074795
29.900000,5.448308,14.074795
29.900000,6.659043,14.074795
29.900000,7.869778,14.074795
29.900000,9.080513,14.074795
29.900000,10.291248,14.074795
29.900000,11.501983,14.074795
29.900000,12.712718,14.074795
29.900000,13.923453,14.074795
29.900000,15.134188,14.074795
29.900000,16.344923,14.074795
29.900000,17.555658,14.074795
29.900000,18.766394,14.074795
29.900000,19.977129,14.074795
29.900000,21.187862,14.074795
29.900000,22.398598,14.074795
29.900000,23.609335,14.074795
29.900000,24.820068,14.074795
29.900000,26.030804,14.074795
29.900000,27.241539,14.074795
29.900000,28.452272,14.074795
29.900000,29.965693,14.074795
29.900000,-29.663010,14.680163
29.900000,-28.452272,14.680163
29.900000,-27.241539,14.680163
29.900000,-26.030804,14.680163
29.900000,-24.820068,14.680163
29.900000,-23.609335,14.680163
29.900000,-22.398598,14.680163
29.900000,-21.187862,14.680163
29.900000,-19.977129,14.680163
29.900000,-18.766394,14.680163
29.900000,-17.555658,14.680163
29.900000,-16.344923,14.680163
29.900000,-15.134188,14.680163
29.900000,-13.923453,14.680163
29.900000,-12.712718,14.680163
29.900000,-11.501983,14.680163
29.900000,-10.291248,14.680163
29.900000,-9.080513,14.680163
29.900000,-7.869778,14.680163
29.900000,-6.659043,14.680163
29.900000,-5.448308,14.680163
29.900000,-4.237573,14.680163
29.900000,-3.026838,14.680163
29.900000,-1.816103,14.680163
29.900000,-0.605367,14.680163
29.900000,0.605367,14.680163
29.900000,1.816103,14.680163
29.900000,3.026838,14.680163
29.900000,4.237573,14.680163
29.900000,5.448308,14.680163
29.900000,6.659043,14.680163
29.900000,7.869778,14.680163
29.900000,9.080513,14.680163
29.900000,10.291248,14.680163
29.900000,11.501983,14.680163
29.900000,12.712718,14.680163
29.900000,13.923453,14.680163
29.900000,15.134188,14.680163
29.900000,16.344923,14.680163
29.900000,17.555658,14.680163
29.900000,18.766394,14.680163
29.900000,19.977129,14.680163
29.900000,21.187862,14.680163
29.900000,22.398598,14.680163
29.900000,23.609335,14.680163
29.900000,24.820068,14.680163
29.900000,26.030804,14.680163
29.900000,27.241539,14.680163
29.900000,28.452272,14.680163
29.900000,29.965693,14.680163
29.900000,-29.663010,15.285530
29.900000,-28.452272,15.285530
29.900000,-27.241539,15.285530
29.900000,-26.030804,15.285530
29.900000,-24.820068,15.285530
29.900000,-23.609335,15.285530
29.900000,-22.398598,15.285530
29.900000,-21.187862,15.285530
29.900000,-19.977129,15.285530
29.900000,-18.766394,15.285530
29.900000,-17.555658,15.285530
29.900000,-16.344923,15.285530
29.900000,-15.134188,15.285530
29.900000,-13.923453,15.285530
29.900000,-12.712718,15.285530
29.900000,-11.501983,15.285530
29.900000,-10.291248,15.285530
29.900000,-9.080513,15.285530
29.900000,-7.869778,15.285530
29.900000,-6.659043,15.285530
29.900000,-5.448308,15.285530
29.900000,-4.237573,15.285530
29.900000,-3.026838,15.285530
29.900000,-1.816103,15.285530
29.900000,-0.605367,15.285530
29.900000,0.605367,15.285530
29.900000,1.816103,15.285530
29.900000,3.026838,15.285530
29.900000,4.237573,15.285530
29.900000,5.448308,15.285530
29.900000,6.659043,15.285530
29.900000,7.869778,15.285530
29.900000,9.080513,15.285530
29.900000,10.291248,15.285530
29.900000,11.501983,15.285530
29.900000,12.712718,15.285530
29.900000,13.923453,15.285530
29.900000,15.134188,15.285530
29.900000,16.344923,15.285530
29.900000,17.555658,15.285530
29.900000,18.766394,15.285530
29.900000,19.977129,15.285530
29.900000,21.187862,15.285530
29.900000,22.398598,15.285530
29.900000,23.609335,15.285530
29.900000,24.820068,15.285530
29.900000,26.030804,15.285530
29.900000,27.241539,15.285530
29.900000,28.452272,15.285530
29.900000,29.965693,15.285530
29.900000,-29.663010,15.890898
29.900000,-28.452272,15.890898
29.900000,-27.241539,15.890898
29.900000,-26.030804,15.890898
29.900000,-24.820068,15.890898
29.900000,-23.609335,15.890898
29.900000,-22.398598,15.890898
29.900000,-21.187862,15.890898
29.900000,-19.977129,15.890898
29.900000,-18.766394,15.890898
29.900000,-17.555658,15.890898
29.900000,-16.344923,15.890898
29.900000,-15.134188,15.890898
29.900000,-13.923453,15.890898
29.900000,-12.712718,15.890898
29.900000,-11.501983,15.890898
29.900000,-10.291248,15.890898
29.900000,-9.080513,15.890898
29.900000,-7.869778,15.890898
29.900000,-6.659043,15.890898
29.900000,-5.448308,15.890898
29.900000,-4.237573,15.890898
29.900000,-3.026838,15.890898
29.900000,-1.816103,15.890898
29.900000,-0.605367,15.890898
29.900000,0.605367,15.890898
29.900000,1.816103,15.890898
29.900000,3.026838,15.890898
29.900000,4.237573,15.890898
29.900000,5.448308,15.890898
29.900000,6.659043,15.890898
29.900000,7.869778,15.890898
29.900000,9.080513,15.890898
29.900000,10.291248,15.890898
29.900000,11.501983,15.890898
29.900000,12.712718,15.890898
29.900000,13.923453,15.890898
29.900000,15.134188,15.890898
29.900000,16.344923,15.890898
29.900000,17.555658,15.890898
29.900000,18.766394,15.890898
29.900000,19.977129,15.890898
29.900000,21.187862,15.890898
29.900000,22.398598,15.890898
29.900000,23.609335,15.890898
29.900000,24.820068,15.890898
29.900000,26.030804,15.890898
29.900000,27.241539,15.890898
29.900000,28.452272,15.890898
29.900000,29.965693,15.890898
29.900000,-29.663010,16.496264
29.900000,-28.452272,16.496264
29.900000,-27.241539,16.496264
29.900000,-26.030804,16.496264
29.900000,-24.820068,16.496264
29.900000,-23.609335,16.496264
29.900000,-22.398598,16.496264
29.900000,-21.187862,16.496264
29.900000,-19.977129,16.496264
29.900000,-18.766394,16.496264
29.900000,-17.555658,16.496264
29.900000,-16.344923,16.496264
29.900000,-15.134188,16.496264
29.900000,-13.923453,16.496264
29.900000,-12.712718,16.496264
29.900000,-11.501983,16.496264
29.900000,-10.291248,16.496264
29.900000,-9.080513,16.496264
29.900000,-7.869778,16.496264
29.900000,-6.659043,16.496264
29.900000,-5.448308,16.496264
29.900000,-4.237573,16.496264
29.900000,-3.026838,16.496264
29.900000,-1.816103,16.496264
29.900000,-0.605367,16.496264
29.900000,0.605367,16.496264
29.900000,1.816103,16.496264
29.900000,3.026838,16.496264
29.900000,4.237573,16.496264
29.900000,5.448308,16.496264
29.900000,6.659043,16.496264
29.900000,7.869778,16.496264
29.900000,9.080513,16.496264
29.900000,10.291248,16.496264
29.900000,11.501983,16.496264
29.900000,12.712718,16.496264
29.900000,13.923453,16.496264
29.900000,15.134188,16.496264
29.900000,16.344923,16.496264
29.900000,17.555658,16.496264
29.900000,18.766394,16.496264
29.900000,19.977129,16.496264
29.900000,21.187862,16.496264
29.900000,22.398598,16.496264
29.900000,23.609335,16.496264
29.900000,24.820068,16.496264
29.900000,26.030804,16.496264
29.900000,27.241539,16.496264
29.900000,28.452272,16.496264
29.900000,29.965693,16.496264
29.900000,-29.663010,17.101633
29.900000,-28.452272,17.101633
29.900000,-27.241539,17.101633
29.900000,-26.030804,17.101633
29.900000,-24.820068,17.101633
29.900000,-23.609335,17.101633
29.900000,-22.398598,17.101633
29.900000,-21.187862,17.101633
29.900000,-19.977129,17.101633
29.900000,-18.766394,17.101633
29.900000,-17.555658,17.101633
29.900000,-16.344923,17.101633
29.900000,-15.134188,17.101633
29.900000,-13.923453,17.101633
29.900000,-12.712718,17.101633
29.900000,-11.501983,17.101633
29.900000,-10.291248,17.101633
29.900000,-9.080513,17.101633
29.900000,-7.869778,17.101633
29.900000,-6.659043,17.101633
29.900000,-5.448308,17.101633
29.900000,-4.237573,17.101633
29.900000,-3.026838,17.101633
29.900000,-1.816103,17.101633
29.900000,-0.605367,17.101633
29.900000,0.605367,17.101633
29.900000,1.816103,17.101633
29.900000,3.026838,17.101633
29.900000,4.237573,17.101633
29.900000,5.448308,17.101633
29.900000,6.659043,17.101633
29.900000,7.869778,17.101633
29.900000,9.080513,17.101633
29.900000,10.291248,17.101633
29.900000,11.501983,17.101633
29.900000,12.712718,17.101633
29.900000,13.923453,17.101633
29.900000,15.134188,17.101633
29.900000,16.344923,17.101633
29.900000,17.555658,17.101633
29.900000,18.766394,17.101633
29.900000,19.977129,17.101633
29.900000,21.187862,17.101633
29.900000,22.398598,17.101633
29.900000,23.609335,17.101633
29.900000,24.820068,17.101633
29.900000,26.030804,17.101633
29.900000,27.241539,17.101633
29.900000,28.452272,17.101633
29.900000,29.965693,17.101633
29.900000,-29.663010,17.707001
29.900000,-28.452272,17.707001
29.900000,-27.241539,17.707001
29.900000,-26.030804,17.707001
29.900000,-24.820068,17.707001
29.900000,-23.609335,17.707001
29.900000,-22.398598,17.707001
29.900000,-21.187862,17.707001
29.900000,-19.977129,17.707001
29.900000,-18.766394,17.707001
29.900000,-17.555658,17.707001
29.900000,-16.344923,17.707001
29.900000,-15.134188,17.707001
29.900000,-13.923453,17.707001
29.900000,-12.712718,17.707001
29.900000,-11.501983,17.707001
29.900000,-10.291248,17.707001
29.900000,-9.080513,17.707001
29.900000,-7.869778,17.707001
29.900000,-6.659043,17.707001
29.900000,-5.448308,17.707001
29.900000,-4.237573,17.707001
29.900000,-3.026838,17.707001
29.900000,-1.816103,17.707001
29.900000,-0.605367,17.707001
29.900000,0.605367,17.707001
29.900000,1.816103,17.707001
29.900000,3.026838,17.707001
29.900000,4.237573,17.707001
29.900000,5.448308,17.707001
29.900000,6.659043,17.707001
29.900000,7.869778,17.707001
29.900000,9.080513,17.707001
29.900000,10.291248,17.707001
29.900000,11.501983,17.707001
29.900000,12.712718,17.707001
29.900000,13.923453,17.707001
29.900000,15.134188,17.707001
29.900000,16.344923,17.707001
29.900000,17.555658,17.707001
29.900000,18.766394,17.707001
29.900000,19.977129,17.707001
29.900000,21.187862,17.707001
29.900000,22.398598,17.707001
29.900000,23.609335,17.707001
29.900000,24.820068,17.707001
29.900000,26.030804,17.707001
29.900000,27.241539,17.707001
29.900000,28.452272,17.707001
29.900000,29.965693,17.707001
29.900000,-29.663010,18.312366
29.900000,-28.452272,18.312366
29.900000,-27.241539,18.312366
29.900000,-26.030804,18.312366
29.900000,-24.820068,18.312366
29.900000,-23.609335,18.312366
29.900000,-22.398598,18.312366
29.900000,-21.187862,18.312366
29.900000,-19.977129,18.312366
29.900000,-18.766394,18.312366
29.900000,-17.555658,18.312366
29.900000,-16.344923,18.312366
29.900000,-15.134188,18.312366
29.900000,-13.923453,18.312366
29.900000,-12.712718,18.312366
29.900000,-11.501983,18.312366
29.900000,-10.291248,18.312366
29.900000,-9.080513,18.312366
29.900000,-7.869778,18.312366
29.900000,-6.659043,18.312366
29.900000,-5.448308,18.312366
29.900000,-4.237573,18.312366
29.900000,-3.026838,18.312366
29.900000,-1.816103,18.312366
29.900000,-0.605367,18.312366
29.900000,0.605367,18.312366
29.900000,1.816103,18.312366
29.900000,3.026838,18.312366
29.900000,4.237573,18.312366
29.900000,5.448308,18.312366
29.900000,6.659043,18.312366
29.900000,7.869778,18.312366
29.900000,9.080513,18.312366
29.900000,10.291248,18.312366
29.900000,11.501983,18.312366
29.900000,12.712718,18.312366
29.900000,13.923453,18.312366
29.900000,15.134188,18.312366
29.900000,16.344923,18.312366
29.900000,17.555658,18.312366
29.900000,18.766394,18.312366
29.900000,19.977129,18.312366
29.900000,21.187862,18.312366
29.900000,22.398598,18.312366
29.900000,23.609335,18.312366
29.900000,24.820068,18.312366
29.900000,26.030804,18.312366
29.900000,27.241539,18.312366
29.900000,28.452272,18.312366
29.900000,29.965693,18.312366
29.900000,-29.663010,18.917736
29.900000,-28.452272,18.917736
29.900000,-27.241539,18.917736
29.900000,-26.030804,18.917736
29.900000,-24.820068,18.917736
29.900000,-23.609335,18.917736
29.900000,-22.398598,18.917736
29.900000,-21.187862,18.917736
29.900000,-19.977129,18.917736
29.900000,-18.766394,18.917736
29.900000,-17.555658,18.917736
29.900000,-16.344923,18.917736
29.900000,-15.134188,18.917736
29.900000,-13.923453,18.917736
29.900000,-12.712718,18.917736
29.900000,-11.501983,18.917736
29.900000,-10.291248,18.917736
29.900000,-9.080513,18.917736
29.900000,-7.869778,18.917736
29.900000,-6.659043,18.917736
29.900000,-5.448308,18.917736
29.900000,-4.237573,18.917736
29.900000,-3.026838,18.917736
29.900000,-1.816103,18.917736
29.900000,-0.605367,18.917736
29.900000,0.605367,18.917736
29.900000,1.816103,18.917736
29.900000,3.026838,18.917736
29.900000,4.237573,18.917736
29.900000,5.448308,18.917736
29.900000,6.659043,18.917736
29.900000,7.869778,18.917736
29.900000,9.080513,18.917736
29.900000,10.291248,18.917736
29.900000,11.501983,18.917736
29.900000,12.712718,18.917736
29.900000,13.923453,18.917736
29.900000,15.134188,18.917736
29.900000,16.344923,18.917736
29.900000,17.555658,18.917736
29.900000,18.766394,18.917736
29.900000,19.977129,18.917736
29.900000,21.187862,18.917736
29.900000,22.398598,18.917736
29.900000,23.609335,18.917736
29.900000,24.820068,18.917736
29.900000,26.030804,18.917736
29.900000,27.241539,18.917736
29.900000,28.452272,18.917736
29.900000,29.965693,18.917736
29.900000,-29.663010,19.523104
29.900000,-28.452272,19.523104
29.900000,-27.241539,19.523104
29.900000,-26.030804,19.523104
29.900000,-24.820068,19.523104
29.900000,-23.609335,19.523104
29.900000,-22.398598,19.523104
29.900000,-21.187862,19.523104
29.900000,-19.977129,19.523104
29.900000,-18.766394,19.523104
29.900000,-17.555658,19.523104
29.900000,-16.344923,19.523104
29.900000,-15.134188,19.523104
29.900000,-13.923453,19.523104
29.900000,-12.712718,19.523104
29.900000,-11.501983,19.523104
29.900000,-10.291248,19.523104
29.900000,-9.080513,19.523104
29.900000,-7.869778,19.523104
29.900000,-6.659043,19.523104
29.900000,-5.448308,19.523104
29.900000,-4.237573,19.523104
29.900000,-3.026838,19.523104
29.900000,-1.816103,19.523104
29.900000,-0.605367,19.523104
29.900000,0.605367,19.523104
29.900000,1.816103,19.523104
29.900000,3.026838,19.523104
29.900000,4.237573,19.523104
29.900000,5.448308,19.523104
29.900000,6.659043,19.523104
29.900000,7.869778,19.523104
29.900000,9.080513,19.523104
29.900000,10.291248,19.523104
29.900000,11.501983,19.523104
29.900000,12.712718,19.523104
29.900000,13.923453,19.523104
29.900000,15.134188,19.523104
29.900000,16.344923,19.523104
29.900000,17.555658,19.523104
29.900000,18.766394,19.523104
29.900000,19.977129,19.523104
29.900000,21.187862,19.523104
29.900000,22.398598,19.523104
29.900000,23.609335,19.523104
29.900000,24.820068,19.523104
29.900000,26.030804,19.523104
29.900000,27.241539,19.523104
29.900000,28.452272,19.523104
29.900000,29.965693,19.523104
29.900000,-29.663010,20.128469
29.900000,-28.452272,20.128469
29.900000,-27.241539,20.128469
29.900000,-26.030804,20.128469
29.900000,-24.820068,20.128469
29.900000,-23.609335,20.128469
29.900000,-22.398598,20.128469
29.900000,-21.187862,20.128469
29.900000,-19.977129,20.128469
29.900000,-18.766394,20.128469
29.900000,-17.555658,20.128469
29.900000,-16.344923,20.128469
29.900000,-15.134188,20.128469
29.900000,-13.923453,20.128469
29.900000,-12.712718,20.128469
29.900000,-11.501983,20.128469
29.900000,-10.291248,20.128469
29.900000,-9.080513,20.128469
29.900000,-7.869778,20.128469
29.900000,-6.659043,20.128469
29.900000,-5.448308,20.128469
29.900000,-4.237573,20.128469
29.900000,-3.026838,20.128469
29.900000,-1.816103,20.128469
29.900000,-0.605367,20.128469
29.900000,0.605367,20.128469
29.900000,1.816103,20.128469
29.900000,3.026838,20.128469
29.900000,4.237573,20.128469
29.900000,5.448308,20.128469
29.900000,6.659043,20.128469
29.900000,7.869778,20.128469
29.900000,9.080513,20.128469
29.900000,10.291248,20.128469
29.900000,11.501983,20.128469
29.900000,12.712718,20.128469
29.900000,13.923453,20.128469
29.900000,15.134188,20.128469
29.900000,16.344923,20.128469
29.900000,17.555658,20.128469
29.900000,18.766394,20.128469
29.900000,19.977129,20.128469
29.900000,21.187862,20.128469
29.900000,22.398598,20.128469
29.900000,23.609335,20.128469
29.900000,24.820068,20.128469
29.900000,26.030804,20.128469
29.900000,27.241539,20.128469
29.900000,28.452272,20.128469
29.900000,29.965693,20.128469
29.900000,-29.663010,20.733839
29.900000,-28.452272,20.733839
29.900000,-27.241539,20.733839
29.900000,-26.030804,20.733839
29.900000,-24.820068,20.733839
29.900000,-23.609335,20.733839
29.900000,-22.398598,20.733839
29.900000,-21.187862,20.733839
29.900000,-19.977129,20.733839
29.900000,-18.766394,20.733839
29.900000,-17.555658,20.733839
29.900000,-16.344923,20.733839
29.900000,-15.134188,20.733839
29.900000,-13.923453,20.733839
29.900000,-12.712718,20.733839
29.900000,-11.501983,20.733839
29.900000,-10.291248,20.733839
29.900000,-9.080513,20.733839
29.900000,-7.869778,20.733839
29.900000,-6.659043,20.733839
29.900000,-5.448308,20.733839
29.900000,-4.237573,20.733839
29.900000,-3.026838,20.733839
29.900000,-1.816103,20.733839
29.900000,-0.605367,20.733839
29.900000,0.605367,20.733839
29.900000,1.816103,20.733839
29.900000,3.026838,20.733839
29.900000,4.237573,20.733839
29.900000,5.448308,20.733839
29.900000,6.659043,20.733839
29.900000,7.869778,20.733839
29.900000,9.080513,20.733839
29.900000,10.291248,20.733839
29.900000,11.501983,20.733839
29.900000,12.712718,20.733839
29.900000,13.923453,20.733839
29.900000,15.134188,20.733839
29.900000,16.344923,20.733839
29.900000,17.555658,20.733839
29.900000,18.766394,20.733839
29.900000,19.977129,20.733839
29.900000,21.187862,20.733839
29.900000,22.398598,20.733839
29.900000,23.609335,20.733839
29.900000,24.820068,20.733839
29.900000,26.030804,20.733839
29.900000,27.241539,20.733839
29.900000,28.452272,20.733839
29.900000,29.965693,20.733839
29.900000,-29.663010,21.339205
29.900000,-28.452272,21.339205
29.900000,-27.241539,21.339205
29.900000,-26.030804,21.339205
29.900000,-24.820068,21.339205
29.900000,-23.609335,21.339205
29.900000,-22.398598,21.339205
29.900000,-21.187862,21.339205
29.900000,-19.977129,21.339205
29.900000,-18.766394,21.339205
29.900000,-17.555658,21.339205
29.900000,-16.344923,21.339205
29.900000,-15.134188,21.339205
29.900000,-13.923453,21.339205
29.900000,-12.712718,21.339205
29.900000,-11.501983,21.339205
29.900000,-10.291248,21.339205
29.900000,-9.080513,21.339205
29.900000,-7.869778,21.339205
29.900000,-6.659043,21.339205
29.900000,-5.448308,21.339205
29.900000,-4.237573,21.339205
29.900000,-3.026838,21.339205
29.900000,-1.816103,21.339205
29.900000,-0.605367,21.339205
29.900000,0.605367,21.339205
29.900000,1.816103,21.339205
29.900000,3.026838,21.339205
29.900000,4.237573,21.339205
29.900000,5.448308,21.339205
29.900000,6.659043,21.339205
29.900000,7.869778,21.339205
29.900000,9.080513,21.339205
29.900000,10.291248,21.339205
29.900000,11.501983,21.339205
29.900000,12.712718,21.339205
29.900000,13.923453,21.339205
29.900000,15.134188,21.339205
29.900000,16.344923,21.339205
29.900000,17.555658,21.339205
29.900000,18.766394,21.339205
29.900000,19.977129,21.339205
29.900000,21.187862,21.339205
29.900000,22.398598,21.339205
29.900000,23.609335,21.339205
29.900000,24.820068,21.339205
29.900000,26.030804,21.339205
29.900000,27.241539,21.339205
29.900000,28.452272,21.339205
29.900000,29.965693,21.339205
29.900000,-29.663010,21.944572
29.900000,-28.452272,21.944572
29.900000,-27.241539,21.944572
29.900000,-26.030804,21.944572
29.900000,-24.820068,21.944572
29.900000,-23.609335,21.944572
29.900000,-22.398598,21.944572
29.900000,-21.187862,21.944572
29.900000,-19.977129,21.944572
29.900000,-18.766394,21.944572
29.900000,-17.555658,21.944572
29.900000,-16.344923,21.944572
29.900000,-15.134188,21.944572
29.900000,-13.923453,21.944572
29.900000,-12.712718,21.944572
29.900000,-11.501983,21.944572
29.900000,-10.291248,21.944572
29.900000,-9.080513,21.944572
29.900000,-7.869778,21.944572
29.900000,-6.659043,21.944572
29.900000,-5.448308,21.944572
29.900000,-4.237573,21.944572
29.900000,-3.026838,21.944572
29.900000,-1.816103,21.944572
29.900000,-0.605367,21.944572
29.900000,0.605367,21.944572
29.900000,1.816103,21.944572
29.900000,3.026838,21.944572
29.900000,4.237573,21.944572
29.900000,5.448308,21.944572
29.900000,6.659043,21.944572
29.900000,7.869778,21.944572
29.900000,9.080513,21.944572
29.900000,10.291248,21.944572
29.900000,11.501983,21.944572
29.900000,12.712718,21.944572
29.900000,13.923453,21.944572
29.900000,15.134188,21.944572
29.900000,16.344923,21.944572
29.900000,17.555658,21.944572
29.900000,18.766394,21.944572
29.900000,19.977129,21.944572
29.900000,21.187862,21.944572
29.900000,22.398598,21.944572
29.900000,23.609335,21.944572
29.900000,24.820068,21.944572
29.900000,26.030804,21.944572
29.900000,27.241539,21.944572
29.900000,28.452272,21.944572
29.900000,29.965693,21.944572
29.900000,-29.663010,22.549942
29.900000,-28.452272,22.549942
29.900000,-27.241539,22.549942
29.900000,-26.030804,22.549942
29.900000,-24.820068,22.549942
29.900000,-23.609335,22.549942
29.900000,-22.398598,22.549942
29.900000,-21.187862,22.549942
29.900000,-19.977129,22.549942
29.900000,-18.766394,22.549942
29.900000,-17.555658,22.549942
29.900000,-16.344923,22.549942
29.900000,-15.134188,22.549942
29.900000,-13.923453,22.549942
29.900000,-12.712718,22.549942
29.900000,-11.501983,22.549942
29.900000,-10.291248,22.549942
29.900000,-9.080513,22.549942
29.900000,-7.869778,22.549942
29.900000,-6.659043,22.549942
29.900000,-5.448308,22.549942
29.900000,-4.237573,22.549942
29.900000,-3.026838,22.549942
29.900000,-1.816103,22.549942
29.900000,-0.605367,22.549942
29.900000,0.605367,22.549942
29.900000,1.816103,22.549942
29.900000,3.026838,22.549942
29.900000,4.237573,22.549942
29.900000,5.448308,22.549942
29.900000,6.659043,22.549942
29.900000,7.869778,22.549942
29.900000,9.080513,22.549942
29.900000,10.291248,22.549942
29.900000,11.501983,22.549942
29.900000,12.712718,22.549942
29.900000,13.923453,22.549942
29.900000,15.134188,22.549942
29.900000,16.344923,22.549942
29.900000,17.555658,22.549942
29.900000,18.766394,22.549942
29.900000,19.977129,22.549942
29.900000,21.187862,22.549942
29.900000,22.398598,22.549942
29.900000,23.609335,22.549942
29.900000,24.820068,22.549942
29.900000,26.030804,22.549942
29.900000,27.241539,22.549942
29.900000,28.452272,22.549942
29.900000,29.965693,22.549942
29.900000,-29.663010,23.155308
29.900000,-28.452272,23.155308
29.900000,-27.241539,23.155308
29.900000,-26.030804,23.155308
29.900000,-24.820068,23.155308
29.900000,-23.609335,23.155308
29.900000,-22.398598,23.155308
29.900000,-21.187862,23.155308
29.900000,-19.977129,23.155308
29.900000,-18.766394,23.155308
29.900000,-17.555658,23.155308
29.900000,-16.344923,23.155308
29.900000,-15.134188,23.155308
29.900000,-13.923453,23.155308
29.900000,-12.712718,23.155308
29.900000,-11.501983,23.155308
29.900000,-10.291248,23.155308
29.900000,-9.080513,23.155308
29.900000,-7.869778,23.155308
29.900000,-6.659043,23.155308
29.900000,-5.448308,23.155308
29.900000,-4.237573,23.155308
29.900000,-3.026838,23.155308
29.900000,-1.816103,23.155308
29.900000,-0.605367,23.155308
29.900000,0.605367,23.155308
29.900000,1.816103,23.155308
29.900000,3.026838,23.155308
29.900000,4.237573,23.155308
29.900000,5.448308,23.155308
29.900000,6.659043,23.155308
29.900000,7.869778,23.155308
29.900000,9.080513,23.155308
29.900000,10.291248,23.155308
29.900000,11.501983,23.155308
29.900000,12.712718,23.155308
29.900000,13.923453,23.155308
29.900000,15.134188,23.155308
29.900000,16.344923,23.155308
29.900000,17.555658,23.155308
29.900000,18.766394,23.155308
29.900000,19.977129,23.155308
29.900000,21.187862,23.155308
29.900000,22.398598,23.155308
29.900000,23.609335,23.155308
29.900000,24.820068,23.155308
29.900000,26.030804,23.155308
29.900000,27.241539,23.155308
29.900000,28.452272,23.155308
29.900000,29.965693,23.155308
29.900000,-29.663010,23.760675
29.900000,-28.452272,23.760675
29.900000,-27.241539,23.760675
29.900000,-26.030804,23.760675
29.900000,-24.820068,23.760675
29.900000,-23.609335,23.760675
29.900000,-22.398598,23.760675
29.900000,-21.187862,23.760675
29.900000,-19.977129,23.760675
29.900000,-18.766394,23.760675
29.900000,-17.555658,23.760675
29.900000,-16.344923,23.760675
29.900000,-15.134188,23.760675
29.900000,-13.923453,23.760675
29.900000,-12.712718,23.760675
29.900000,-11.501983,23.760675
29.900000,-10.291248,23.760675
29.900000,-9.080513,23.760675
29.900000,-7.869778,23.760675
29.900000,-6.659043,23.760675
29.900000,-5.448308,23.760675
29.900000,-4.237573,23.760675
29.900000,-3.026838,23.760675
29.900000,-1.816103,23.760675
29.900000,-0.605367,23.760675
29.900000,0.605367,23.760675
29.900000,1.816103,23.760675
29.900000,3.026838,23.760675
29.900000,4.237573,23.760675
29.900000,5.448308,23.760675
29.900000,6.659043,23.760675
29.900000,7.869778,23.760675
29.900000,9.080513,23.760675
29.900000,10.291248,23.760675
29.900000,11.501983,23.760675
29.900000,12.712718,23.760675
29.900000,13.923453,23.760675
29.900000,15.134188,23.760675
29.900000,16.344923,23.760675
29.900000,17.555658,23.760675
29.900000,18.766394,23.760675
29.900000,19.977129,23.760675
29.900000,21.187862,23.760675
29.900000,22.398598,23.760675
29.900000,23.609335,23.760675
29.900000,24.820068,23.760675
29.900000,26.030804,23.760675
29.900000,27.241539,23.760675
29.900000,28.452272,23.760675
29.900000,29.965693,23.760675
29.900000,-29.663010,24.366043
29.900000,-28.452272,24.366043
29.900000,-27.241539,24.366043
29.900000,-26.030804,24.366043
29.900000,-24.820068,24.366043
29.900000,-23.609335,24.366043
29.900000,-22.398598,24.366043
29.900000,-21.187862,24.366043
29.900000,-19.977129,24.366043
29.900000,-18.766394,24.366043
29.900000,-17.555658,24.366043
29.900000,-16.344923,24.366043
29.900000,-15.134188,24.366043
29.900000,-13.923453,24.366043
29.900000,-12.712718,24.366043
29.900000,-11.501983,24.366043
29.900000,-10.291248,24.366043
29.900000,-9.080513,24.366043
29.900000,-7.869778,24.366043
29.900000,-6.659043,24.366043
29.900000,-5.448308,24.366043
29.900000,-4.237573,24.366043
29.900000,-3.026838,24.366043
29.900000,-1.816103,24.366043
29.900000,-0.605367,24.366043
29.900000,0.605367,24.366043
29.900000,1.816103,24.366043
29.900000,3.026838,24.366043
29.900000,4.237573,24.366043
29.900000,5.448308,24.366043
29.900000,6.659043,24.366043
29.900000,7.869778,24.366043
29.900000,9.080513,24.366043
29.900000,10.291248,24.366043
29.900000,11.501983,24.366043
29.900000,12.712718,24.366043
29.900000,13.923453,24.366043
29.900000,15.134188,24.366043
29.900000,16.344923,24.366043
29.900000,17.555658,24.366043
29.900000,18.766394,24.366043
29.900000,19.977129,24.366043
29.900000,21.187862,24.366043
29.900000,22.398598,24.366043
29.900000,23.609335,24.366043
29.900000,24.820068,24.366043
29.900000,26.030804,24.366043
29.900000,27.241539,24.366043
29.900000,28.452272,24.366043
29.900000,29.965693,24.366043
29.900000,-29.663010,24.971411
29.900000,-28.452272,24.971411
29.900000,-27.241539,24.971411
29.900000,-26.030804,24.971411
29.900000,-24.820068,24.971411
29.900000,-23.609335,24.971411
29.900000,-22.398598,24.971411
29.900000,-21.187862,24.971411
29.900000,-19.977129,24.971411
29.900000,-18.766394,24.971411
29.900000,-17.555658,24.971411
29.900000,-16.344923,24.971411
29.900000,-15.134188,24.971411
29.900000,-13.923453,24.971411
29.900000,-12.712718,24.971411
29.900000,-11.501983,24.971411
29.900000,-10.291248,24.971411
29.900000,-9.080513,24.971411
29.900000,-7.869778,24.971411
29.900000,-6.659043,24.971411
29.900000,-5.448308,24.971411
29.900000,-4.237573,24.971411
29.900000,-3.026838,24.971411
29.900000,-1.816103,24.971411
29.900000,-0.605367,24.971411
29.900000,0.605367,24.971411
29.900000,1.816103,24.971411
29.900000,3.026838,24.971411
29.900000,4.237573,24.971411
29.900000,5.448308,24.971411
29.900000,6.659043,24.971411
29.900000,7.869778,24.971411
29.900000,9.080513,24.971411
29.900000,10.291248,24.971411
29.900000,11.501983,24.971411
29.900000,12.712718,24.971411
29.900000,13.923453,24.971411
29.900000,15.134188,24.971411
29.900000,16.344923,24.971411
29.900000,17.555658,24.971411
29.900000,18.766394,24.971411
29.900000,19.977129,24.971411
29.900000,21.187862,24.971411
29.900000,22.398598,24.971411
29.900000,23.609335,24.971411
29.900000,24.820068,24.971411
29.900000,26.030804,24.971411
29.900000,27.241539,24.971411
29.900000,28.452272,24.971411
29.900000,29.965693,24.971411
29.900000,-29.663010,25.576778
29.900000,-28.452272,25.576778
29.900000,-27.241539,25.576778
29.900000,-26.030804,25.576778
29.900000,-24.820068,25.576778
29.900000,-23.609335,25.576778
29.900000,-22.398598,25.576778
29.900000,-21.187862,25.576778
29.900000,-19.977129,25.576778
29.900000,-18.766394,25.576778
29.900000,-17.555658,25.576778
29.900000,-16.344923,25.576778
29.900000,-15.134188,25.576778
29.900000,-13.923453,25.576778
29.900000,-12.712718,25.576778
29.900000,-11.501983,25.576778
29.900000,-10.291248,25.576778
29.900000,-9.080513,25.576778
29.900000,-7.869778,25.576778
29.900000,-6.659043,25.576778
29.900000,-5.448308,25.576778
29.900000,-4.237573,25.576778
29.900000,-3.026838,25.576778
29.900000,-1.816103,25.576778
29.900000,-0.605367,25.576778
29.900000,0.605367,25.576778
29.900000,1.816103,25.576778
29.900000,3.026838,25.576778
29.900000,4.237573,25.576778
29.900000,5.448308,25.576778
29.900000,6.659043,25.576778
29.900000,7.869778,25.576778
29.900000,9.080513,25.576778
29.900000,10.291248,25.576778
29.900000,11.501983,25.576778
29.900000,12.712718,25.576778
29.900000,13.923453,25.576778
29.900000,15.134188,25.576778
29.900000,16.344923,25.576778
29.900000,17.555658,25.576778
29.900000,18.766394,25.576778
29.900000,19.977129,25.576778
29.900000,21.187862,25.576778
29.900000,22.398598,25.576778
29.900000,23.609335,25.576778
29.900000,24.820068,25.576778
29.900000,26.030804,25.576778
29.900000,27.241539,25.576778
29.900000,28.452272,25.576778
29.900000,29.965693,25.576778
29.900000,-29.663010,26.182146
29.900000,-28.452272,26.182146
29.900000,-27.241539,26.182146
29.900000,-26.030804,26.182146
29.900000,-24.820068,26.182146
29.900000,-23.609335,26.182146
29.900000,-22.398598,26.182146
29.900000,-21.187862,26.182146
29.900000,-19.977129,26.182146
29.900000,-18.766394,26.182146
29.900000,-17.555658,26.182146
29.900000,-16.344923,26.182146
29.900000,-15.134188,26.182146
29.900000,-13.923453,26.182146
29.900000,-12.712718,26.182146
29.900000,-11.501983,26.182146
29.900000,-10.291248,26.182146
29.900000,-9.080513,26.182146
29.900000,-7.869778,26.182146
29.900000,-6.659043,26.182146
29.900000,-5.448308,26.182146
29.900000,-4.237573,26.182146
29.900000,-3.026838,26.182146
29.900000,-1.816103,26.182146
29.900000,-0.605367,26.182146
29.900000,0.605367,26.182146
29.900000,1.816103,26.182146
29.900000,3.026838,26.182146
29.900000,4.237573,26.182146
29.900000,5.448308,26.182146
29.900000,6.659043,26.182146
29.900000,7.869778,26.182146
29.900000,9.080513,26.182146
29.900000,10.291248,26.182146
29.900000,11.501983,26.182146
29.900000,12.712718,26.182146
29.900000,13.923453,26.182146
29.900000,15.134188,26.182146
29.900000,16.344923,26.182146
29.900000,17.555658,26.182146
29.900000,18.766394,26.182146
29.900000,19.977129,26.182146
29.900000,21.187862,26.182146
29.900000,22.398598,26.182146
29.900000,23.609335,26.182146
29.900000,24.820068,26.182146
29.900000,26.030804,26.182146
29.900000,27.241539,26.182146
29.900000,28.452272,26.182146
29.900000,29.965693,26.182146
29.900000,-29.663010,26.787514
29.900000,-28.452272,26.787514
29.900000,-27.241539,26.787514
29.900000,-26.030804,26.787514
29.900000,-24.820068,26.787514
29.900000,-23.609335,26.787514
29.900000,-22.398598,26.787514
29.900000,-21.187862,26.787514
29.900000,-19.977129,26.787514
29.900000,-18.766394,26.787514
29.900000,-17.555658,26.787514
29.900000,-16.344923,26.787514
29.900000,-15.134188,26.787514
29.900000,-13.923453,26.787514
29.900000,-12.712718,26.787514
29.900000,-11.501983,26.787514
29.900000,-10.291248,26.787514
29.900000,-9.080513,26.787514
29.900000,-7.869778,26.787514
29.900000,-6.659043,26.787514
29.900000,-5.448308,26.787514
29.900000,-4.237573,26.787514
29.900000,-3.026838,26.787514
29.900000,-1.816103,26.787514
29.900000,-0.605367,26.787514
29.900000,0.605367,26.787514
29.900000,1.816103,26.787514
29.900000,3.026838,26.787514
29.900000,4.237573,26.787514
29.900000,5.448308,26.787514
29.900000,6.659043,26.787514
29.900000,7.869778,26.787514
29.900000,9.080513,26.787514
29.900000,10.291248,26.787514
29.900000,11.501983,26.787514
29.900000,12.712718,26.787514
29.900000,13.923453,26.787514
29.900000,15.134188,26.787514
29.900000,16.344923,26.787514
29.900000,17.555658,26.787514
29.900000,18.766394,26.787514
29.900000,19.977129,26.787514
29.900000,21.187862,26.787514
29.900000,22.398598,26.787514
29.900000,23.609335,26.787514
29.900000,24.820068,26.787514
29.900000,26.030804,26.787514
29.900000,27.241539,26.787514
29.900000,28.452272,26.787514
29.900000,29.965693,26.787514
29.900000,-29.663010,27.392879
29.900000,-28.452272,27.392879
29.900000,-27.241539,27.392879
29.900000,-26.030804,27.392879
29.900000,-24.820068,27.392879
29.900000,-23.609335,27.392879
29.900000,-22.398598,27.392879
29.900000,-21.187862,27.392879
29.900000,-19.977129,27.392879
29.900000,-18.766394,27.392879
29.900000,-17.555658,27.392879
29.900000,-16.344923,27.392879
29.900000,-15.134188,27.392879
29.900000,-13.923453,27.392879
29.900000,-12.712718,27.392879
29.900000,-11.501983,27.392879
29.900000,-10.291248,27.392879
29.900000,-9.080513,27.392879
29.900000,-7.869778,27.392879
29.900000,-6.659043,27.392879
29.900000,-5.448308,27.392879
29.900000,-4.237573,27.392879
29.900000,-3.026838,27.392879
29.900000,-1.816103,27.392879
29.900000,-0.605367,27.392879
29.900000,0.605367,27.392879
29.900000,1.816103,27.392879
29.900000,3.026838,27.392879
29.900000,4.237573,27.392879
29.900000,5.448308,27.392879
29.900000,6.659043,27.392879
29.900000,7.869778,27.392879
29.900000,9.080513,27.392879
29.900000,10.291248,27.392879
29.900000,11.501983,27.392879
29.900000,12.712718,27.392879
29.900000,13.923453,27.392879
29.900000,15.134188,27.392879
29.900000,16.344923,27.392879
29.900000,17.555658,27.392879
29.900000,18.766394,27.392879
29.900000,19.977129,27.392879
29.900000,21.187862,27.392879
29.900000,22.398598,27.392879
29.900000,23.609335,27.392879
29.900000,24.820068,27.392879
29.900000,26.030804,27.392879
29.900000,27.241539,27.392879
29.900000,28.452272,27.392879
29.900000,29.965693,27.392879
29.900000,-29.663010,27.998249
29.900000,-28.452272,27.998249
29.900000,-27.241539,27.998249
29.900000,-26.030804,27.998249
29.900000,-24.820068,27.998249
29.900000,-23.609335,27.998249
29.900000,-22.398598,27.998249
29.900000,-21.187862,27.998249
29.900000,-19.977129,27.998249
29.900000,-18.766394,27.998249
29.900000,-17.555658,27.998249
29.900000,-16.344923,27.998249
29.900000,-15.134188,27.998249
29.900000,-13.923453,27.998249
29.900000,-12.712718,27.998249
29.900000,-11.501983,27.998249
29.900000,-10.291248,27.998249
29.900000,-9.080513,27.998249
29.900000,-7.869778,27.998249
29.900000,-6.659043,27.998249
29.900000,-5.448308,27.998249
29.900000,-4.237573,27.998249
29.900000,-3.026838,27.998249
29.900000,-1.816103,27.998249
29.900000,-0.605367,27.998249
29.900000,0.605367,27.998249
29.900000,1.816103,27.998249
29.900000,3.026838,27.998249
29.900000,4.237573,27.998249
29.900000,5.448308,27.998249
29.900000,6.659043,27.998249
29.900000,7.869778,27.998249
29.900000,9.080513,27.998249
29.900000,10.291248,27.998249
29.900000,11.501983,27.998249
29.900000,12.712718,27.998249
29.900000,13.923453,27.998249
29.900000,15.134188,27.998249
29.900000,16.344923,27.998249
29.900000,17.555658,27.998249
29.900000,18.766394,27.998249
29.900000,19.977129,27.998249
29.900000,21.187862,27.998249
29.900000,22.398598,27.998249
29.900000,23.609335,27.998249
29.900000,24.820068,27.998249
29.900000,26.030804,27.998249
29.900000,27.241539,27.998249
29.900000,28.452272,27.998249
29.900000,29.965693,27.998249
29.900000,-29.663010,28.603617
29.900000,-28.452272,28.603617
29.900000,-27.241539,28.603617
29.900000,-26.030804,28.603617
29.900000,-24.820068,28.603617
29.900000,-23.609335,28.603617
29.900000,-22.398598,28.603617
29.900000,-21.187862,28.603617
29.900000,-19.977129,28.603617
29.900000,-18.766394,28.603617
29.900000,-17.555658,28.603617
29.900000,-16.344923,28.603617
29.900000,-15.134188,28.603617
29.900000,-13.923453,28.603617
29.900000,-12.712718,28.603617
29.900000,-11.501983,28.603617
29.900000,-10.291248,28.603617
29.900000,-9.080513,28.603617
29.900000,-7.869778,28.603617
29.900000,-6.659043,28.603617
29.900000,-5.448308,28.603617
29.900000,-4.237573,28.603617
29.900000,-3.026838,28.603617
29.900000,-1.816103,28.603617
29.900000,-0.605367,28.603617
29.900000,0.605367,28.603617
29.900000,1.816103,28.603617
29.900000,3.026838,28.603617
29.900000,4.237573,28.603617
29.900000,5.448308,28.603617
29.900000,6.659043,28.603617
29.900000,7.869778,28.603617
29.900000,9.080513,28.603617
29.900000,10.291248,28.603617
29.900000,11.501983,28.603617
29.900000,12.712718,28.603617
29.900000,13.923453,28.603617
29.900000,15.134188,28.603617
29.900000,16.344923,28.603617
29.900000,17.555658,28.603617
29.900000,18.766394,28.603617
29.900000,19.977129,28.603617
29.900000,21.187862,28.603617
29.900000,22.398598,28.603617
29.900000,23.609335,28.603617
29.900000,24.820068,28.603617
29.900000,26.030804,28.603617
29.900000,27.241539,28.603617
29.900000,28.452272,28.603617
29.900000,29.965693,28.603617
29.900000,-29.663010,29.208982
29.900000,-28.452272,29.208982
29.900000,-27.241539,29.208982
29.900000,-26.030804,29.208982
29.900000,-24.820068,29.208982
29.900000,-23.609335,29.208982
29.900000,-22.398598,29.208982
29.900000,-21.187862,29.208982
29.900000,-19.977129,29.208982
29.900000,-18.766394,29.208982
29.900000,-17.555658,29.208982
29.900000,-16.344923,29.208982
29.900000,-15.134188,29.208982
29.900000,-13.923453,29.208982
29.900000,-12.712718,29.208982
29.900000,-11.501983,29.208982
29.900000,-10.291248,29.208982
29.900000,-9.080513,29.208982
29.900000,-7.869778,29.208982
29.900000,-6.659043,29.208982
29.900000,-5.448308,29.208982
29.900000,-4.237573,29.208982
29.900000,-3.026838,29.208982
29.900000,-1.816103,29.208982
29.900000,-0.605367,29.208982
29.900000,0.605367,29.208982
29.900000,1.816103,29.208982
29.900000,3.026838,29.208982
29.900000,4.237573,29.208982
29.900000,5.448308,29.208982
29.900000,6.659043,29.208982
29.900000,7.869778,29.208982
29.900000,9.080513,29.208982
29.900000,10.291248,29.208982
29.900000,11.501983,29.208982
29.900000,12.712718,29.208982
29.900000,13.923453,29.208982
29.900000,15.134188,29.208982
29.900000,16.344923,29.208982
29.900000,17.555658,29.208982
29.900000,18.766394,29.208982
29.900000,19.977129,29.208982
29.900000,21.187862,29.208982
29.900000,22.398598,29.208982
29.900000,23.609335,29.208982
29.900000,24.820068,29.208982
29.900000,26.030804,29.208982
29.900000,27.241539,29.208982
29.900000,28.452272,29.208982
29.900000,29.965693,29.208982
29.900000,-29.663010,29.965693
29.900000,-28.452272,29.965693
29.900000,-27.241539,29.965693
29.900000,-26.030804,29.965693
29.900000,-24.820068,29.965693
29.900000,-23.609335,29.965693
29.900000,-22.398598,29.965693
29.900000,-21.187862,29.965693
29.900000,-19.977129,29.965693
29.900000,-18.766394,29.965693
29.900000,-17.555658,29.965693
29.900000,-16.344923,29.965693
29.900000,-15.134188,29.965693
29.900000,-13.923453,29.965693
29.900000,-12.712718,29.965693
29.900000,-11.501983,29.965693
29.900000,-10.291248,29.965693
29.900000,-9.080513,29.965693
29.900000,-7.869778,29.965693
29.900000,-6.659043,29.965693
29.900000,-5.448308,29.965693
29.900000,-4.237573,29.965693
29.900000,-3.026838,29.965693
29.900000,-1.816103,29.965693
29.900000,-0.605367,29.965693
29.900000,0.605367,29.965693
29.900000,1.816103,29.965693
29.900000,3.026838,29.965693
29.900000,4.237573,29.965693
29.900000,5.448308,29.965693
29.900000,6.659043,29.965693
29.900000,7.869778,29.965693
29.900000,9.080513,29.965693
29.900000,10.291248,29.965693
29.900000,11.501983,29.965693
29.900000,12.712718,29.965693
29.900000,13.923453,29.965693
29.900000,15.134188,29.965693
29.900000,16.344923,29.965693
29.900000,17.555658,29.965693
29.900000,18.766394,29.965693
29.900000,19.977129,29.965693
29.900000,21.187862,29.965693
29.900000,22.398598,29.965693
29.900000,23.609335,29.965693
29.900000,24.820068,29.965693
29.900000,26.030804,29.965693
29.900000,27.241539,29.965693
29.900000,28.452272,29.965693
29.900000,29.965693,29.965693
